id,name,description,img
1,"Amigo da Saúde","Adora cuidar de outras pessoas, tem muita coragem para salvar vidas e é muito amável.","img/quiz/sau-badge-2x.png"
2,"Amigo do Lazer","É muito divertido e adora conhecer lugares novos.","img/quiz/laz-badge-2x.png"
3,"Amigo da Economia","Ama números e sabe bem como vender algo para juntar dinheiro.","img/quiz/eco-badge-2x.png"
4,"Amigo da Sustentabilidade","Respeita a natureza e está sempre ajudando outras pessoas.","img/quiz/mei-badge-2x.png"
5,"Amigo do Governo","Gosta muito de falar com as pessoas. É responsável e organizado.","img/quiz/gov-badge-2x.png"
6,"Amigo da Educação","Está sempre lendo livros, revistas e quadrinhos. Também adora ensinar os amigos.","img/quiz/edu-badge-2x.png"
7,"Amigo da Inovação","Criatividade é o seu ponto forte. Observa tudo à sua volta e não desiste fácil das coisas.","img/quiz/ino-badge-2x.png"